序号,发震日期（北京时间）,经度(°),纬度(°),震源深度(Km),震级类型,震级,震中位置,事件类型
1,2021-12-24 20:37:52,101.65,22.37,16,ML,3.1,云南江城,天然地震
2,2021-12-24 15:58:29,102.21,26.07,8,ML,3.2,云南武定,天然地震
3,2021-11-12 09:50:56,105.09,28.08,10,Ms,4.3,云南威信,天然地震
4,2021-10-22 17:19:15,100.01,25.72,16,ML,3.3,云南漾濞,天然地震
5,2021-10-07 20:10:26,102.91,26.92,14,ML,3.2,云南巧家,天然地震
6,2021-9-15 07:19:03,100.00,25.72,16,ML,3.3,云南漾濞,天然地震
7,2021-9-06 08:45:10,100.78,21.55,17,ML,3.4,云南景洪,天然地震
8,2021-8-18 00:23:42,99.87,25.70,13,ML,3.4,云南漾濞,天然地震
9,2021-7-10 16:46:00,100.49,25.80,16,ML,3.2,云南宾川,天然地震
10,2021-7-07 04:19:28,104.99,28.05,9,Ms,4.2,云南威信,天然地震
11,2021-6-29 06:41:28,99.99,25.73,7,ML,3.4,云南漾濞,天然地震
12,2021-6-28 19:48:14,101.89,24.31,8,Ms,4.5,云南双柏,天然地震
13,2021-6-20 11:31:01,100.31,22.68,16,ML,3.6,云南澜沧,天然地震
14,2021-6-16 15:35:37,101.90,24.34,8,Ms,4.3,云南双柏,天然地震
15,2021-6-12 18:00:47,97.89,24.97,16,Ms,5.1,云南盈江,天然地震
16,2021-6-10 21:52:35,101.91,24.36,5,ML,3.4,云南双柏,天然地震
17,2021-6-10 19:58:38,101.89,24.36,9,ML,3.6,云南双柏,天然地震
18,2021-6-10 19:46:06,101.92,24.35,8,Ms,5.3,云南双柏,天然地震
19,2021-6-05 06:12:22,99.98,25.59,11,ML,3.4,云南漾濞,天然地震
20,2021-5-28 20:43:18,99.92,25.54,16,ML,3.4,云南漾濞,天然地震
21,2021-5-27 23:03:57,99.88,25.69,14,ML,3.4,云南漾濞,天然地震
22,2021-5-27 19:52:48,99.92,25.76,12,Ms,4.0,云南漾濞,天然地震
23,2021-5-24 08:43:09,100.01,25.57,18,ML,3.0,云南漾濞,天然地震
24,2021-5-22 22:30:05,99.94,25.59,12,ML,3.2,云南漾濞,天然地震
25,2021-5-22 20:14:36,99.92,25.60,10,Ms,4.7,云南漾濞,天然地震
26,2021-5-22 17:24:16,99.91,25.66,17,ML,3.3,云南漾濞,天然地震
27,2021-5-22 09:48:01,99.89,25.70,10,Ms,4.2,云南漾濞,天然地震
28,2021-5-22 08:36:46,99.90,25.68,10,ML,3.2,云南漾濞,天然地震
29,2021-5-22 04:10:58,99.93,25.62,5,ML,3.5,云南漾濞,天然地震
30,2021-5-22 02:28:43,99.92,25.63,19,ML,4.2,云南漾濞,天然地震
31,2021-5-22 02:24:27,99.89,25.68,14,ML,3.6,云南漾濞,天然地震
32,2021-5-22 01:50:18,99.96,25.61,16,ML,3.3,云南漾濞,天然地震
33,2021-5-22 01:36:06,99.95,25.62,6,ML,3.6,云南漾濞,天然地震
34,2021-5-22 00:56:08,99.90,25.62,3,ML,3.3,云南漾濞,天然地震
35,2021-5-22 00:53:31,99.91,25.63,10,ML,3.2,云南漾濞,天然地震
36,2021-5-22 00:51:40,99.88,25.61,9,Ms,4.2,云南漾濞,天然地震
37,2021-5-21 23:23:35,99.98,25.59,9,Ms,4.5,云南漾濞,天然地震
38,2021-5-21 23:18:09,99.99,25.60,14,ML,3.0,云南漾濞,天然地震
39,2021-5-21 23:13:53,99.95,25.62,12,ML,3.4,云南漾濞,天然地震
40,2021-5-21 23:08:57,99.98,25.60,12,ML,3.0,云南漾濞,天然地震
41,2021-5-21 22:59:37,99.94,25.63,13,ML,3.5,云南漾濞,天然地震
42,2021-5-21 22:31:12,99.97,25.61,8,Ms,5.2,云南漾濞,天然地震
43,2021-5-21 22:30:27,99.89,25.67,12,ML,3.2,云南漾濞,天然地震
44,2021-5-21 22:19:48,99.95,25.60,17,ML,3.2,云南漾濞,天然地震
45,2021-5-21 22:15:16,99.98,25.59,13,ML,3.7,云南漾濞,天然地震
46,2021-5-21 22:03:36,99.96,25.58,18,ML,3.6,云南漾濞,天然地震
47,2021-5-21 22:02:00,99.89,25.68,15,ML,3.3,云南漾濞,天然地震
48,2021-5-21 21:56:38,99.95,25.62,7,Ms,4.6,云南漾濞,天然地震
49,2021-5-21 21:55:29,99.89,25.67,9,Ms,5.0,云南漾濞,天然地震
50,2021-5-21 21:53:48,99.98,25.60,7,ML,3.4,云南漾濞,天然地震
51,2021-5-21 21:52:57,99.93,25.64,8,ML,3.1,云南漾濞,天然地震
52,2021-5-21 21:48:35,99.88,25.70,10,Ms,6.5,云南漾濞,天然地震
53,2021-5-21 21:23:44,99.99,25.64,10,ML,3.2,云南漾濞,天然地震
54,2021-5-21 21:22:35,99.98,25.60,10,ML,3.7,云南漾濞,天然地震
55,2021-5-21 21:21:57,99.96,25.63,10,ML,4.2,云南漾濞,天然地震
56,2021-5-21 21:21:26,99.92,25.65,10,Ms,5.6,云南漾濞,天然地震
57,2021-5-21 20:56:03,99.91,25.61,10,Ms,4.3,云南漾濞,天然地震
58,2021-5-20 01:58:59,99.90,25.66,13,ML,3.2,云南漾濞,天然地震
59,2021-5-19 21:13:07,99.90,25.67,17,ML,3.3,云南漾濞,天然地震
60,2021-5-19 20:05:56,99.91,25.65,10,Ms,4.6,云南漾濞,天然地震
61,2021-5-19 03:27:56,99.92,25.63,13,ML,3.1,云南漾濞,天然地震
62,2021-5-18 21:39:37,99.92,25.64,10,Ms,4.2,云南漾濞,天然地震
63,2021-5-18 20:56:46,99.93,25.63,13,ML,3.0,云南漾濞,天然地震
64,2021-5-18 18:49:30,99.94,25.64,14,ML,3.2,云南漾濞,天然地震
65,2021-5-13 11:42:37,99.25,24.41,10,Ms,4.7,云南永德,天然地震
66,2021-5-13 11:42:33,99.25,24.42,11,ML,3.3,云南施甸,天然地震
67,2021-4-29 17:40:32,100.27,22.62,16,ML,3.0,云南澜沧,天然地震
68,2021-4-18 11:35:39,99.98,26.14,13,ML,3.2,云南洱源,天然地震
69,2021-4-13 17:07:36,102.38,23.82,12,ML,3.3,云南石屏,天然地震
70,2021-3-05 12:42:39,100.83,23.31,14,ML,3.0,云南景谷,天然地震
71,2021-3-01 18:13:12,99.99,25.99,15,ML,3.5,云南洱源,天然地震
72,2021-2-27 19:37:18,98.42,25.54,15,ML,3.0,云南腾冲,天然地震
73,2021-2-17 19:37:24,98.69,24.60,19,ML,3.0,云南龙陵,天然地震
74,2021-2-17 01:40:37,101.57,23.02,17,ML,3.2,云南墨江,天然地震
75,2021-1-23 09:59:11,104.18,28.18,10,Ms,4.8,云南盐津,天然地震
76,2021-1-17 12:44:43,99.36,24.33,8,Ms,4.2,云南昌宁,天然地震
77,2021-1-03 02:40:25,99.92,25.63,18,ML,3.2,云南漾濞,天然地震
78,2020-12-21 22:38:28,99.27,24.93,8,ML,3.0,云南保山,天然地震
79,2020-12-20 20:24:58,103.28,27.12,6,ML,3.0,云南巧家,天然地震
80,2020-12-01 21:39:31,99.18,24.98,7,ML,3.2,云南保山,天然地震
81,2020-11-21 22:04:45,98.47,24.52,19,ML,3.5,云南芒市,天然地震
82,2020-9-30 02:49:11,104.16,28.08,13,ML,3.4,云南盐津,天然地震
83,2020-9-16 02:11:29,99.83,22.38,10,ML,3.4,云南澜沧,天然地震
84,2020-9-08 13:30:14,103.10,27.12,6,Ms,3.8,云南巧家,天然地震
85,2020-8-01 06:53:53,101.60,23.40,18,ML,3.4,云南墨江,天然地震
86,2020-7-31 03:28:36,99.19,24.96,15,Ms,3.8,云南保山,天然地震
87,2020-7-23 15:54:33,99.98,27.74,9,ML,3.1,云南香格里拉,天然地震
88,2020-7-22 12:45:32,99.83,22.39,10,Ms,4.0,云南澜沧,天然地震
89,2020-7-21 11:37:33,99.81,22.37,18,ML,3.0,云南澜沧,天然地震
90,2020-7-14 01:33:58,99.54,25.19,18,ML,3.4,云南永平,天然地震
91,2020-7-12 13:21:55,102.52,22.86,11,Ms,4.4,云南绿春,天然地震
92,2020-7-08 10:40:00,103.15,25.99,10,Ms,4.2,云南东川,天然地震
93,2020-6-27 03:34:57,101.93,22.61,19,ML,3.2,云南江城,天然地震
94,2020-5-19 04:35:54,103.15,27.19,10,ML,3.3,云南巧家,天然地震
95,2020-5-18 21:48:02,103.16,27.20,8,Ms,5.0,云南巧家,天然地震
96,2020-4-27 20:19:33,103.16,27.19,5,ML,3.2,云南巧家,天然地震
97,2020-4-15 01:39:11,98.29,25.26,17,ML,3.1,云南腾冲,天然地震
98,2020-4-14 05:10:55,100.06,22.27,16,ML,3.1,云南澜沧,天然地震
99,2020-4-11 04:03:06,101.89,23.67,12,ML,3.6,云南元江,天然地震
100,2020-3-18 16:43:41,103.07,27.12,5,ML,3.3,云南巧家,天然地震
101,2020-2-28 07:56:18,103.52,28.09,7,Ms,3.7,云南永善,天然地震
102,2020-2-18 16:26:00,97.77,25.00,14,ML,3.0,云南盈江,天然地震
103,2020-2-07 04:45:09,103.05,27.11,4,ML,3.2,云南巧家,天然地震
104,2020-1-31 19:02:41,97.93,24.76,19,ML,3.1,云南盈江,天然地震
105,2020-1-31 18:55:20,97.86,24.74,20,Ms,4.0,云南盈江,天然地震
106,2020-1-23 05:26:23,101.86,23.37,15,ML,3.5,云南元江,天然地震
107,2020-1-15 19:34:25,103.12,25.55,8,Ms,4.3,云南寻甸,天然地震
108,2019-12-26 12:12:21,99.67,25.70,16,ML,3.1,云南漾濞,天然地震
109,2019-12-11 00:02:52,99.17,24.93,9,ML,3.4,云南施甸,天然地震
110,2019-11-25 01:02:36,99.70,25.97,12,Ms,4.4,云南洱源,天然地震
111,2019-11-19 08:43:59,103.82,23.32,8,ML,3.1,云南屏边,天然地震
112,2019-11-01 03:37:23,102.79,24.39,13,ML,3.5,云南江川,天然地震
113,2019-10-16 02:36:21,100.28,26.03,19,ML,3.0,云南鹤庆,天然地震
114,2019-10-15 01:23:55,99.04,24.57,19,ML,3.3,云南龙陵,天然地震
115,2019-9-01 09:04:50,98.85,28.50,8,ML,3.0,云南德钦,天然地震
116,2019-8-31 06:24:54,101.95,23.34,13,Ms,3.8,云南红河,天然地震
117,2019-8-29 15:30:35,100.09,25.91,15,ML,3.3,云南大理,天然地震
118,2019-8-25 13:56:40,99.49,25.09,15,ML,3.1,云南保山,天然地震
119,2019-7-21 22:51:56,100.61,26.14,7,ML,3.4,云南永胜,天然地震
120,2019-7-21 20:23:28,100.55,26.15,10,Ms,4.9,云南永胜,天然地震
121,2019-7-17 11:46:41,100.15,26.60,13,ML,3.1,云南鹤庆,天然地震
122,2019-6-24 21:24:22,101.64,24.93,10,Ms,4.8,云南楚雄,天然地震
123,2019-6-05 15:26:58,103.63,28.11,8,Ms,4.0,云南永善,天然地震
124,2019-5-28 11:06:22,102.76,24.44,13,ML,3.1,云南江川,天然地震
125,2019-5-16 06:08:17,99.98,24.33,15,ML,3.5,云南凤庆,天然地震
126,2019-5-16 04:33:33,103.53,28.06,10,Ms,4.7,云南永善,天然地震
127,2019-5-11 22:18:13,100.87,22.98,16,ML,3.6,云南宁洱,天然地震
128,2019-5-03 03:31:17,99.48,22.27,19,ML,3.4,云南孟连,天然地震
129,2019-4-10 03:51:51,103.52,28.07,5,ML,3.1,云南永善,天然地震
130,2019-4-08 16:27:44,100.35,22.65,16,ML,3.0,云南澜沧,天然地震
131,2019-3-08 03:37:20,99.31,23.94,11,Ms,4.4,云南永德,天然地震
132,2019-3-04 02:06:28,103.53,28.07,7,ML,3.0,云南永善,天然地震
133,2019-2-22 12:50:07,101.73,21.34,15,ML,3.0,云南勐腊,天然地震
134,2019-2-13 17:29:35,101.97,23.33,18,ML,3.1,云南红河,天然地震
135,2019-2-12 22:49:56,101.42,22.87,5,Ms,4.5,云南宁洱,天然地震
136,2019-2-12 20:33:57,101.79,21.19,7,ML,3.0,云南勐腊,天然地震
137,2019-2-02 05:26:06,100.90,27.09,12,Ms,4.1,云南宁蒗,天然地震
138,2019-1-16 02:26:54,101.75,21.28,15,ML,3.3,云南勐腊,天然地震
139,2019-1-15 23:52:24,105.06,28.08,5,ML,3.5,云南威信,天然地震
140,2019-1-14 18:54:48,101.72,21.32,17,Ms,4.8,云南勐腊,天然地震
141,2019-1-10 20:00:54,101.71,21.32,20,Ms,4.3,云南勐腊,天然地震
142,2019-1-10 17:08:11,101.72,21.25,14,ML,3.1,云南勐腊,天然地震
143,2019-1-08 01:15:37,100.12,26.08,12,ML,3.5,云南洱源,天然地震
144,2019-1-06 22:46:31,100.96,23.11,15,ML,3.6,云南宁洱,天然地震
145,2019-1-04 06:17:43,99.16,25.87,16,ML,3.4,云南云龙,天然地震
146,2018-12-30 13:32:05,97.98,24.66,8,ML,3.1,云南盈江,天然地震
147,2018-12-27 15:30:07,102.10,22.56,16,ML,3.4,云南江城,天然地震
148,2018-11-27 06:41:52,99.48,23.49,19,ML,3.3,云南耿马,天然地震
149,2018-10-30 05:00:04,103.52,28.09,11,ML,3.3,云南永善,天然地震
150,2018-10-17 13:29:19,102.25,25.89,10,Ms,4.6,云南武定,天然地震
151,2018-10-08 22:01:28,101.59,23.39,14,ML,3.1,云南墨江,天然地震
152,2018-9-08 10:35:58,101.55,23.26,8,ML,4.1,云南墨江,天然地震
153,2018-9-08 10:32:07,101.54,23.28,11,ML,3.7,云南墨江,天然地震
154,2018-9-08 10:31:29,101.53,23.26,17,Ms,5.9,云南墨江,天然地震
155,2018-9-07 13:43:00,102.29,22.51,5,ML,3.0,云南江城,天然地震
156,2018-9-07 02:47:12,100.06,22.26,13,ML,3.1,云南澜沧,天然地震
157,2018-8-28 13:56:06,100.99,23.06,16,ML,3.1,云南宁洱,天然地震
158,2018-8-14 03:50:36,102.73,24.19,6,Ms,5.0,云南通海,天然地震
159,2018-8-13 01:49:23,102.73,24.18,8,ML,3.5,云南通海,天然地震
160,2018-8-13 01:48:17,102.73,24.19,10,ML,3.1,云南通海,天然地震
161,2018-8-13 01:44:24,102.72,24.18,14,Ms,5.1,云南通海,天然地震
162,2018-6-29 22:51:29,97.84,25.15,7,ML,3.5,云南盈江,天然地震
163,2018-6-07 04:12:00,100.95,23.08,17,ML,3.0,云南宁洱,天然地震
164,2018-5-21 21:20:31,100.74,21.95,20,ML,3.5,云南景洪,天然地震
165,2018-5-20 07:12:36,100.76,21.97,10,Ms,4.1,云南景洪,天然地震
166,2018-5-16 16:26:00,99.51,25.03,17,ML,3.4,云南昌宁,天然地震
167,2018-5-08 23:11:33,103.47,28.10,7,Ms,4.0,云南永善,天然地震
168,2018-5-04 08:19:03,101.36,22.42,20,ML,3.7,云南景洪,天然地震
169,2018-4-10 12:51:26,101.38,21.92,13,ML,3.1,云南勐腊,天然地震
170,2018-4-01 21:10:13,101.74,25.20,11,ML,3.7,云南禄丰,天然地震
171,2018-3-14 11:15:04,98.84,25.08,18,ML,3.6,云南保山,天然地震
172,2018-2-20 22:09:57,100.77,24.46,7,Ms,4.3,云南景东,天然地震
173,2018-2-15 11:27:40,99.97,27.23,16,ML,3.3,云南香格里拉,天然地震
174,2018-2-09 22:58:06,100.92,22.32,12,Ms,4.9,云南景洪,天然地震
175,2018-2-02 08:48:56,97.64,23.95,10,ML,3.1,云南瑞丽,天然地震
176,2018-2-02 08:48:21,97.69,23.93,19,ML,3.5,云南瑞丽,天然地震
177,2018-1-27 06:35:54,98.94,24.87,19,ML,3.1,云南保山,天然地震
178,2018-1-04 05:35:34,99.32,23.90,10,Ms,4.7,云南永德,天然地震
179,2017-10-13 02:34:11,97.93,25.16,14,ML,3.3,云南盈江,天然地震
180,2017-9-09 15:25:59,100.29,27.28,15,ML,3.0,云南玉龙,天然地震
181,2017-8-24 18:53:56,99.50,24.42,12,ML,3.0,云南昌宁,天然地震
182,2017-8-16 02:01:33,98.81,25.88,15,ML,3.4,云南泸水,天然地震
183,2017-8-04 05:43:53,103.65,24.20,16,ML,3.3,云南弥勒,天然地震
184,2017-7-29 07:06:51,100.35,22.80,14,ML,3.3,云南澜沧,天然地震
185,2017-7-13 22:03:58,100.53,23.33,13,ML,3.6,云南景谷,天然地震
186,2017-7-02 14:34:56,101.71,25.11,5,Ms,4.1,云南禄丰,天然地震
187,2017-6-24 20:08:59,103.31,23.74,18,ML,3.1,云南开远,天然地震
188,2017-6-12 23:31:32,101.81,22.86,16,ML,3.3,云南绿春,天然地震
189,2017-5-25 04:53:37,103.31,23.75,15,ML,3.0,云南开远,天然地震
190,2017-5-20 00:02:16,99.34,25.66,8,ML,3.5,云南云龙,天然地震
191,2017-5-01 00:40:09,102.26,24.31,14,ML,3.4,云南峨山,天然地震
192,2017-4-25 14:06:10,101.60,23.36,22,ML,3.1,云南墨江,天然地震
193,2017-4-04 04:57:40,103.41,27.09,8,ML,3.2,云南鲁甸,天然地震
194,2017-3-30 07:48:17,103.36,27.12,7,ML,3.6,云南鲁甸,天然地震
195,2017-3-27 09:10:26,99.81,25.81,10,Ms,4.4,云南漾濞,天然地震
196,2017-3-27 07:55:01,99.80,25.89,12,Ms,5.1,云南漾濞,天然地震
197,2017-3-27 07:40:29,99.81,25.87,10,Ms,4.9,云南漾濞,天然地震
198,2017-3-12 20:21:18,103.41,27.09,10,Ms,4.5,云南鲁甸,天然地震
199,2017-2-20 07:11:42,99.49,26.22,18,ML,3.0,云南剑川,天然地震
200,2017-2-08 19:11:39,103.37,27.09,10,Ms,4.9,云南鲁甸,天然地震
201,2016-12-08 10:17:10,100.84,27.01,5,ML,3.1,云南宁蒗,天然地震
202,2016-11-24 03:46:47,98.94,24.36,10,Ms,4.2,云南龙陵,天然地震
203,2016-11-24 03:44:30,99.24,24.38,20,ML,3.5,云南永德,天然地震
204,2016-11-17 12:22:48,99.86,25.71,10,Ms,4.5,云南漾濞,天然地震
205,2016-11-17 12:10:30,99.86,25.74,10,Ms,4.4,云南漾濞,天然地震
206,2016-11-06 09:36:33,100.96,23.10,16,ML,3.2,云南宁洱,天然地震
207,2016-10-15 06:24:16,101.44,22.51,18,ML,3.0,云南景洪,天然地震
208,2016-10-03 05:19:05,99.46,25.38,8,ML,3.1,云南永平,天然地震
209,2016-9-26 16:03:22,103.49,28.13,11,ML,3.3,云南永善,天然地震
210,2016-9-22 21:34:13,101.38,23.24,15,ML,3.3,云南墨江,天然地震
211,2016-9-17 11:42:23,99.59,26.10,10,ML,3.2,云南洱源,天然地震
212,2016-8-15 12:35:29,99.57,24.73,8,ML,3.2,云南昌宁,天然地震
213,2016-8-13 21:22:36,103.45,27.04,10,Ms,4.2,云南巧家,天然地震
214,2016-8-12 19:25:21,103.45,26.99,10,Ms,4.4,云南巧家,天然地震
215,2016-8-12 14:56:55,103.46,26.96,10,Ms,4.7,云南巧家,天然地震
216,2016-8-09 06:30:33,99.58,26.08,18,Ms,3.8,云南洱源,天然地震
217,2016-6-28 19:26:43,100.07,24.94,10,ML,3.3,云南凤庆,天然地震
218,2016-6-16 23:12:22,103.46,28.10,8,ML,3.1,云南永善,天然地震
219,2016-6-11 20:41:25,99.59,26.10,15,ML,3.0,云南洱源,天然地震
220,2016-6-03 18:01:53,99.60,26.12,8,ML,3.7,云南洱源,天然地震
221,2016-5-18 01:05:11,99.58,26.08,10,Ms,4.6,云南洱源,天然地震
222,2016-5-18 01:03:51,99.59,26.07,5,ML,3.0,云南洱源,天然地震
223,2016-5-18 00:48:48,99.58,26.08,17,Ms,5.1,云南洱源,天然地震
224,2016-5-10 19:57:44,99.75,26.18,15,ML,3.1,云南洱源,天然地震
225,2016-5-04 17:25:41,103.22,23.26,10,ML,3.0,云南个旧,天然地震
226,2016-5-04 17:24:00,103.22,23.27,10,Ms,4.8,云南个旧,天然地震
227,2016-5-04 15:57:40,103.20,23.28,11,ML,3.3,云南个旧,天然地震
228,2016-5-04 15:51:48,103.24,23.25,10,Ms,4.6,云南个旧,天然地震
229,2016-5-03 03:09:03,100.52,23.35,16,ML,3.2,云南景谷,天然地震
230,2016-3-07 09:24:44,102.05,22.50,10,Ms,4.3,云南江城,天然地震
231,2016-3-01 05:21:20,103.42,27.03,12,ML,3.1,云南巧家,天然地震
232,2016-2-24 09:11:01,100.11,27.66,17,ML,3.1,云南香格里拉,天然地震
233,2016-2-19 01:50:52,100.42,26.94,13,ML,3.1,云南古城,天然地震
234,2016-2-15 15:59:05,103.35,27.11,8,ML,3.2,云南鲁甸,天然地震
235,2016-2-08 23:49:44,99.59,26.08,18,ML,3.0,云南洱源,天然地震
236,2016-2-08 07:39:07,99.58,26.09,17,Ms,4.0,云南洱源,天然地震
237,2016-2-08 07:30:54,99.66,26.05,10,Ms,4.6,云南洱源,天然地震
238,2016-1-04 01:27:24,99.94,25.08,6,ML,3.4,云南昌宁,天然地震
239,2015-12-08 05:38:41,100.41,22.70,16,ML,3.2,云南思茅,天然地震
240,2015-11-17 17:14:24,101.03,25.58,17,ML,3.1,云南姚安,天然地震
241,2015-11-14 00:55:08,100.53,23.33,10,Ms,4.6,云南景谷,天然地震
242,2015-11-09 20:28:30,101.88,25.51,7,ML,3.7,云南元谋,天然地震
243,2015-11-03 02:43:34,101.98,22.71,10,ML,3.4,云南江城,天然地震
244,2015-10-30 19:26:39,99.44,25.04,10,Ms,5.0,云南昌宁,天然地震
245,2015-10-29 04:12:08,100.30,27.55,10,Ms,4.8,云南香格里拉,天然地震
246,2015-9-22 14:01:11,100.29,27.69,5,ML,3.1,云南玉龙,天然地震
247,2015-9-15 01:21:31,103.29,26.94,11,ML,3.1,云南巧家,天然地震
248,2015-9-14 17:45:35,100.32,27.70,25,ML,3.5,云南玉龙,天然地震
249,2015-8-20 21:02:59,98.73,24.91,19,ML,3.2,云南腾冲,天然地震
250,2015-8-07 17:49:01,103.30,27.10,10,ML,3.2,云南鲁甸,天然地震
251,2015-7-06 11:26:56,100.99,22.45,5,ML,3.1,云南景洪,天然地震
252,2015-6-23 08:43:26,100.89,26.17,21,ML,3.1,云南永胜,天然地震
253,2015-6-21 08:13:26,103.35,27.07,6,ML,3.3,云南鲁甸,天然地震
254,2015-6-15 20:46:12,101.99,24.44,9,ML,3.2,云南双柏,天然地震
255,2015-6-14 15:38:52,101.97,24.42,8,ML,3.5,云南双柏,天然地震
256,2015-6-14 07:21:04,101.99,24.42,13,ML,3.1,云南双柏,天然地震
257,2015-6-10 16:39:55,101.99,24.43,7,ML,3.0,云南双柏,天然地震
258,2015-6-05 17:06:06,99.79,25.86,15,Ms,3.9,云南漾濞,天然地震
259,2015-5-14 06:03:58,101.90,25.51,12,ML,3.3,云南元谋,天然地震
260,2015-5-01 18:13:58,103.51,28.12,13,ML,3.1,云南永善,天然地震
261,2015-4-13 18:28:44,102.84,23.95,10,Ms,4.3,云南建水,天然地震
262,2015-3-26 04:18:41,101.97,24.57,13,ML,3.2,云南易门,天然地震
263,2015-3-09 17:59:44,103.09,25.31,16,Ms,4.6,云南嵩明,天然地震
264,2015-3-03 17:23:53,98.94,23.54,10,Ms,4.5,云南耿马,天然地震
265,2015-3-01 20:36:51,98.96,23.53,19,ML,4.0,云南耿马,天然地震
266,2015-3-01 18:34:14,98.96,23.52,11,ML,3.5,云南耿马,天然地震
267,2015-3-01 18:24:39,98.94,23.50,11,Ms,5.5,云南耿马,天然地震
268,2015-2-21 06:37:47,101.65,23.03,6,Ms,4.4,云南墨江,天然地震
269,2015-2-10 23:45:28,103.28,27.10,8,ML,3.3,云南巧家,天然地震
270,2015-2-10 07:48:41,103.35,27.11,10,ML,3.1,云南鲁甸,天然地震
271,2015-1-19 23:30:48,99.71,25.93,14,Ms,4.2,云南洱源,天然地震
272,2015-1-15 21:54:05,103.19,27.10,11,ML,3.1,云南巧家,天然地震
273,2014-12-16 02:19:07,103.12,27.08,16,ML,3.6,云南巧家,天然地震
274,2014-12-14 18:31:20,100.76,26.86,14,ML,3.0,云南宁蒗,天然地震
275,2014-12-10 00:54:44,100.52,23.30,14,ML,3.3,云南景谷,天然地震
276,2014-12-08 06:42:10,100.50,23.34,16,ML,3.4,云南景谷,天然地震
277,2014-12-07 17:23:07,100.51,23.30,16,Ms,4.8,云南景谷,天然地震
278,2014-12-07 17:13:30,100.51,23.32,17,ML,3.3,云南景谷,天然地震
279,2014-12-06 18:20:00,100.50,23.33,10,Ms,5.9,云南景谷,天然地震
280,2014-12-06 03:54:19,100.50,23.32,17,ML,3.2,云南景谷,天然地震
281,2014-12-06 03:49:26,100.49,23.34,16,ML,3.1,云南景谷,天然地震
282,2014-12-06 02:50:05,100.50,23.30,6,ML,3.3,云南景谷,天然地震
283,2014-12-06 02:43:45,100.49,23.32,10,Ms,5.9,云南景谷,天然地震
284,2014-12-04 00:37:28,100.44,23.46,15,ML,3.2,云南景谷,天然地震
285,2014-11-21 07:16:12,103.15,27.07,12,ML,3.1,云南巧家,天然地震
286,2014-11-20 17:50:30,100.48,23.32,8,Ms,4.5,云南景谷,天然地震
287,2014-11-15 08:28:01,100.49,23.31,10,ML,3.2,云南景谷,天然地震
288,2014-11-03 01:12:59,103.31,27.11,12,ML,3.3,云南巧家,天然地震
289,2014-10-27 00:02:30,103.32,27.10,12,Ms,4.2,云南鲁甸,天然地震
290,2014-10-19 02:12:23,100.50,23.37,15,ML,3.1,云南景谷,天然地震
291,2014-10-18 23:05:56,100.45,23.30,10,Ms,4.3,云南景谷,天然地震
292,2014-10-17 14:53:11,100.44,23.36,6,ML,3.1,云南景谷,天然地震
293,2014-10-17 14:20:25,100.43,23.36,6,ML,3.0,云南景谷,天然地震
294,2014-10-17 04:51:51,97.84,24.98,14,ML,3.1,云南盈江,天然地震
295,2014-10-17 04:51:02,97.94,24.94,6,ML,3.7,云南盈江,天然地震
296,2014-10-16 11:51:20,100.50,23.34,14,ML,3.6,云南景谷,天然地震
297,2014-10-16 11:25:28,100.49,23.36,10,ML,3.0,云南景谷,天然地震
298,2014-10-11 14:05:13,100.45,23.45,10,Ms,4.7,云南景谷,天然地震
299,2014-10-08 17:01:48,100.50,23.36,15,ML,3.9,云南景谷,天然地震
300,2014-10-08 10:28:51,100.50,23.37,17,ML,3.3,云南景谷,天然地震
301,2014-10-08 09:36:21,100.45,23.45,15,ML,3.3,云南景谷,天然地震
302,2014-10-08 06:51:53,100.47,23.41,18,ML,3.0,云南景谷,天然地震
303,2014-10-08 03:01:12,100.49,23.37,17,Ms,4.2,云南景谷,天然地震
304,2014-10-07 22:38:51,100.49,23.36,6,ML,3.9,云南景谷,天然地震
305,2014-10-07 22:08:03,100.49,23.37,6,ML,3.5,云南景谷,天然地震
306,2014-10-07 22:04:09,100.50,23.35,6,ML,3.1,云南景谷,天然地震
307,2014-10-07 22:03:07,100.50,23.38,6,ML,3.1,云南景谷,天然地震
308,2014-10-07 21:53:24,100.50,23.40,7,ML,3.6,云南景谷,天然地震
309,2014-10-07 21:49:39,100.55,23.40,10,Ms,6.9,云南景谷,天然地震
310,2014-10-07 07:25:19,103.27,27.11,15,ML,3.3,云南巧家,天然地震
311,2014-9-23 08:07:48,98.10,25.09,11,ML,3.0,云南盈江,天然地震
312,2014-9-17 13:05:41,103.34,27.10,13,ML,3.1,云南鲁甸,天然地震
313,2014-9-16 23:33:52,98.48,25.00,9,Ms,4.2,云南腾冲,天然地震
314,2014-9-16 19:06:15,99.80,25.84,10,ML,3.1,云南漾濞,天然地震
315,2014-9-12 00:29:34,103.48,28.14,5,Ms,4.2,云南永善,天然地震
316,2014-9-10 16:59:30,103.36,27.11,17,Ms,4.3,云南鲁甸,天然地震
317,2014-9-08 12:37:37,101.90,25.51,16,ML,3.2,云南元谋,天然地震
318,2014-9-06 11:34:32,97.83,25.00,8,ML,3.2,云南盈江,天然地震
319,2014-8-27 18:45:13,101.01,22.96,10,Ms,4.0,云南宁洱,天然地震
320,2014-8-25 07:10:09,100.61,25.96,18,ML,3.5,云南宾川,天然地震
321,2014-8-21 13:11:19,100.48,25.86,5,ML,3.5,云南宾川,天然地震
322,2014-8-21 12:11:02,100.50,25.88,12,Ms,4.2,云南宾川,天然地震
323,2014-8-21 00:42:17,102.18,24.98,5,ML,3.2,云南禄丰,天然地震
324,2014-8-20 18:20:55,103.54,28.09,11,Ms,4.1,云南永善,天然地震
325,2014-8-20 12:35:04,97.86,25.04,14,ML,3.1,云南盈江,天然地震
326,2014-8-19 01:30:09,97.83,25.01,14,ML,3.2,云南盈江,天然地震
327,2014-8-18 20:05:52,97.80,24.95,11,ML,3.0,云南盈江,天然地震
328,2014-8-17 17:11:47,103.56,28.13,13,Ms,4.2,云南永善,天然地震
329,2014-8-17 16:45:53,103.54,28.11,12,Ms,4.1,云南永善,天然地震
330,2014-8-17 06:18:36,103.50,28.11,10,ML,3.6,云南永善,天然地震
331,2014-8-17 06:08:59,103.53,28.12,5,ML,3.6,云南永善,天然地震
332,2014-8-17 06:07:59,103.51,28.12,7,Ms,5.2,云南永善,天然地震
333,2014-8-13 20:16:28,103.36,27.09,6,ML,3.4,云南鲁甸,天然地震
334,2014-8-10 12:39:12,103.39,27.05,10,ML,3.4,云南鲁甸,天然地震
335,2014-8-08 14:39:28,103.35,27.12,7,ML,3.2,云南鲁甸,天然地震
336,2014-8-04 07:06:10,103.35,27.10,7,ML,3.1,云南鲁甸,天然地震
337,2014-8-04 03:30:31,103.36,27.09,5,Ms,4.4,云南鲁甸,天然地震
338,2014-8-03 22:28:30,103.34,27.11,8,Ms,4.2,云南鲁甸,天然地震
339,2014-8-03 21:47:10,103.39,27.10,10,Ms,4.1,云南鲁甸,天然地震
340,2014-8-03 19:07:21,103.37,27.08,21,Ms,4.1,云南鲁甸,天然地震
341,2014-8-03 16:45:19,103.36,27.13,7,ML,3.0,云南鲁甸,天然地震
342,2014-8-03 16:30:12,103.33,27.11,10,Ms,6.6,云南鲁甸,天然地震
343,2014-8-01 03:30:45,97.83,24.97,7,ML,3.1,云南盈江,天然地震
344,2014-7-31 12:33:42,100.48,25.86,5,ML,3.4,云南宾川,天然地震
345,2014-7-30 04:10:04,97.76,25.00,13,ML,3.1,云南盈江,天然地震
346,2014-7-26 21:26:18,100.50,25.88,7,ML,3.6,云南宾川,天然地震
347,2014-7-02 19:42:18,97.84,25.05,9,ML,3.2,云南盈江,天然地震
348,2014-6-30 03:23:57,97.84,24.99,8,ML,3.2,云南盈江,天然地震
349,2014-6-29 12:51:12,102.33,22.67,9,ML,3.3,云南绿春,天然地震
350,2014-6-20 11:13:24,97.77,24.98,12,ML,3.4,云南盈江,天然地震
351,2014-6-19 02:22:45,97.86,24.99,10,ML,3.5,云南盈江,天然地震
352,2014-6-17 01:39:47,97.74,24.99,11,Ms,4.2,云南盈江,天然地震
353,2014-6-13 02:37:17,97.87,25.06,12,ML,3.4,云南盈江,天然地震
354,2014-6-10 08:45:46,97.83,25.01,10,ML,3.0,云南盈江,天然地震
355,2014-6-09 22:58:29,97.83,24.97,6,ML,3.1,云南盈江,天然地震
356,2014-6-08 23:10:02,97.83,25.04,5,ML,3.2,云南盈江,天然地震
357,2014-6-04 11:01:41,97.83,24.97,11,ML,3.4,云南盈江,天然地震
358,2014-6-03 13:34:48,97.86,24.99,11,Ms,4.2,云南盈江,天然地震
359,2014-6-02 18:03:37,97.84,24.97,8,ML,3.0,云南盈江,天然地震
360,2014-6-01 10:04:08,97.77,25.03,8,ML,3.1,云南盈江,天然地震
361,2014-5-31 09:50:47,97.85,24.98,9,ML,3.2,云南盈江,天然地震
362,2014-5-31 03:19:37,97.84,25.00,11,ML,3.5,云南盈江,天然地震
363,2014-5-31 02:56:28,97.84,25.00,12,ML,3.0,云南盈江,天然地震
364,2014-5-31 01:12:24,97.87,25.00,11,ML,3.5,云南盈江,天然地震
365,2014-5-30 23:53:39,97.86,24.96,5,Ms,4.6,云南盈江,天然地震
366,2014-5-30 22:29:50,97.84,25.00,5,ML,3.6,云南盈江,天然地震
367,2014-5-30 21:57:07,97.82,25.01,5,ML,3.4,云南盈江,天然地震
368,2014-5-30 21:56:47,97.84,25.01,9,ML,3.4,云南盈江,天然地震
369,2014-5-30 19:39:12,97.83,25.05,6,ML,3.1,云南盈江,天然地震
370,2014-5-30 19:38:08,97.80,25.01,6,ML,3.4,云南盈江,天然地震
371,2014-5-30 19:36:13,97.83,25.02,5,ML,3.1,云南盈江,天然地震
372,2014-5-30 17:27:46,97.83,24.98,10,ML,3.2,云南盈江,天然地震
373,2014-5-30 16:25:37,97.80,25.00,9,ML,3.0,云南盈江,天然地震
374,2014-5-30 15:03:48,97.83,24.98,9,ML,3.4,云南盈江,天然地震
375,2014-5-30 12:25:02,97.83,25.05,4,ML,3.6,云南盈江,天然地震
376,2014-5-30 11:26:47,97.85,25.03,10,ML,3.1,云南盈江,天然地震
377,2014-5-30 10:52:21,97.85,25.03,10,ML,3.2,云南盈江,天然地震
378,2014-5-30 10:50:33,97.83,25.02,13,ML,3.1,云南盈江,天然地震
379,2014-5-30 10:01:07,97.82,25.03,13,ML,3.2,云南盈江,天然地震
380,2014-5-30 09:59:56,97.82,25.03,6,ML,3.3,云南盈江,天然地震
381,2014-5-30 09:31:09,97.83,25.00,8,ML,3.4,云南盈江,天然地震
382,2014-5-30 09:24:19,97.83,25.04,12,ML,3.2,云南盈江,天然地震
383,2014-5-30 09:23:45,97.84,25.04,6,ML,3.0,云南盈江,天然地震
384,2014-5-30 09:22:57,97.78,24.69,5,ML,3.3,云南盈江,天然地震
385,2014-5-30 09:22:24,97.88,24.92,12,ML,3.0,云南盈江,天然地震
386,2014-5-30 09:22:14,97.88,25.00,7,ML,3.0,云南盈江,天然地震
387,2014-5-30 09:22:06,97.86,25.02,8,ML,3.5,云南盈江,天然地震
388,2014-5-30 09:21:09,97.87,24.98,8,ML,3.5,云南盈江,天然地震
389,2014-5-30 09:20:50,97.83,25.05,14,ML,4.6,云南盈江,天然地震
390,2014-5-30 09:20:13,97.80,25.02,12,Ms,6.1,云南盈江,天然地震
391,2014-5-27 15:43:44,97.80,24.99,12,ML,3.1,云南盈江,天然地震
392,2014-5-26 01:26:09,97.83,25.00,7,ML,3.3,云南盈江,天然地震
393,2014-5-24 05:55:11,97.85,25.04,10,Ms,3.9,云南盈江,天然地震
394,2014-5-24 05:06:32,97.86,25.01,10,ML,3.1,云南盈江,天然地震
395,2014-5-24 05:00:38,97.84,25.01,5,ML,3.4,云南盈江,天然地震
396,2014-5-24 04:50:51,97.84,25.02,15,ML,3.3,云南盈江,天然地震
397,2014-5-24 04:49:22,97.83,24.98,12,Ms,5.9,云南盈江,天然地震
398,2014-5-07 22:11:42,101.92,25.49,13,Ms,4.7,云南元谋,天然地震
399,2014-4-30 04:16:12,100.58,26.18,5,ML,3.0,云南永胜,天然地震
400,2014-4-25 00:56:02,98.87,24.50,4,ML,3.2,云南龙陵,天然地震
401,2014-4-24 01:19:39,103.52,28.12,5,ML,3.0,云南永善,天然地震
402,2014-4-05 06:40:33,103.57,28.14,13,Ms,5.1,云南永善,天然地震
403,2014-4-04 10:52:15,100.60,26.15,9,ML,3.0,云南永胜,天然地震
404,2014-4-04 09:36:24,100.60,26.14,9,ML,3.1,云南永胜,天然地震
405,2014-4-04 09:27:25,100.57,26.17,14,Ms,4.2,云南永胜,天然地震
406,2014-4-03 23:34:02,100.58,26.17,14,ML,3.2,云南永胜,天然地震
407,2014-4-03 07:49:46,100.57,26.21,14,ML,3.0,云南永胜,天然地震
408,2014-3-31 19:07:27,103.52,28.09,10,ML,3.1,云南永善,天然地震
409,2014-3-17 22:43:04,99.61,24.70,5,ML,3.0,云南昌宁,天然地震
410,2014-3-12 20:42:22,99.55,24.58,13,ML,3.0,云南昌宁,天然地震
411,2014-2-05 20:32:18,101.03,22.82,7,ML,3.4,云南思茅,天然地震
412,2014-1-28 20:01:59,101.17,22.51,7,Ms,4.7,云南景洪,天然地震
413,2014-1-21 22:08:21,100.62,25.81,5,ML,3.6,云南宾川,天然地震
414,2014-1-18 22:01:04,97.72,25.00,16,ML,3.6,云南盈江,天然地震
415,2014-1-15 03:17:46,101.17,26.86,33,Ms,4.5,云南华坪,天然地震
416,2013-12-16 03:01:17,99.45,28.20,11,ML,3.2,云南香格里拉,天然地震
417,2013-11-29 20:13:53,99.51,28.19,10,Ms,4.6,云南香格里拉,天然地震
418,2013-11-28 16:23:53,100.58,25.40,10,Ms,4.7,云南祥云,天然地震
419,2013-11-16 23:36:40,103.01,26.36,10,Ms,4.6,云南东川,天然地震
420,2013-11-02 23:12:00,98.89,24.53,6,ML,3.0,云南龙陵,天然地震
421,2013-10-30 21:53:01,100.69,23.71,10,Ms,4.0,云南景谷,天然地震
422,2013-10-15 17:22:26,101.44,23.13,14,Ms,4.3,云南墨江,天然地震
423,2013-10-08 04:09:12,99.46,28.20,9,ML,3.3,云南香格里拉,天然地震
424,2013-10-05 16:52:02,97.88,25.13,7,ML,3.8,云南盈江,天然地震
425,2013-9-08 13:54:04,99.42,28.27,9,ML,3.4,云南香格里拉,天然地震
426,2013-9-06 23:04:10,99.47,28.22,10,Ms,4.5,云南香格里拉,天然地震
427,2013-9-04 12:52:42,99.53,28.20,6,ML,3.3,云南香格里拉,天然地震
428,2013-9-04 00:08:37,99.40,28.23,5,ML,3.0,云南香格里拉,天然地震
429,2013-9-03 22:32:37,99.46,28.23,10,Ms,4.6,云南香格里拉,天然地震
430,2013-9-02 22:52:33,99.37,28.19,20,Ms,4.2,云南香格里拉,天然地震
431,2013-9-01 09:33:22,99.47,28.19,5,ML,3.2,云南香格里拉,天然地震
432,2013-9-01 07:17:48,99.48,28.19,10,Ms,4.2,云南香格里拉,天然地震
433,2013-8-31 23:33:56,99.46,28.16,5,ML,3.1,云南香格里拉,天然地震
434,2013-8-31 22:51:47,99.47,28.18,5,ML,3.2,云南香格里拉,天然地震
435,2013-8-31 11:06:23,99.46,28.18,5,ML,3.1,云南香格里拉,天然地震
436,2013-8-31 09:30:09,99.45,28.17,5,ML,3.3,云南香格里拉,天然地震
437,2013-8-31 09:18:45,99.41,28.26,5,Ms,4.3,云南香格里拉,天然地震
438,2013-8-31 08:56:21,99.39,28.23,12,ML,3.3,云南香格里拉,天然地震
439,2013-8-31 08:27:02,99.45,28.20,10,Ms,4.7,云南香格里拉,天然地震
440,2013-8-31 08:13:28,99.44,28.24,20,ML,4.0,云南香格里拉,天然地震
441,2013-8-31 08:07:37,99.45,28.19,13,ML,3.6,云南香格里拉,天然地震
442,2013-8-31 08:04:16,99.35,28.15,10,Ms,5.9,云南香格里拉,天然地震
443,2013-8-30 04:13:25,99.42,28.17,9,ML,3.4,云南香格里拉  ,天然地震
444,2013-8-05 03:18:42,101.08,22.55,5,ML,3.6,云南思茅,天然地震
445,2013-7-21 16:35:17,100.83,22.88,12,ML,3.5,云南思茅,天然地震
446,2013-7-19 07:56:15,98.93,25.93,9,ML,3.7,云南泸水,天然地震
447,2013-7-19 07:45:52,98.91,25.95,9,ML,3.6,云南泸水,天然地震
448,2013-7-15 21:45:30,100.85,22.00,12,ML,3.3,云南景洪,天然地震
449,2013-6-24 01:54:09,99.44,25.57,10,ML,3.3,云南永平,天然地震
450,2013-6-04 10:39:03,98.04,24.32,8,ML,3.1,云南陇川,天然地震
451,2013-6-01 23:54:41,98.08,24.31,5,ML,3.2,云南陇川,天然地震
452,2013-5-29 02:31:14,99.96,23.97,8,ML,3.2,云南临翔,天然地震
453,2013-5-19 09:23:23,103.99,27.49,5,ML,3.0,云南彝良,天然地震
454,2013-4-26 02:21:02,103.08,27.38,10,ML,3.2,云南巧家,天然地震
455,2013-4-21 09:29:57,101.60,23.39,10,ML,3.5,云南墨江,天然地震
456,2013-4-18 11:46:01,99.79,25.88,9,Ms,4.1,云南洱源,天然地震
457,2013-4-17 16:32:56,99.80,25.89,9,ML,3.1,云南漾濞,天然地震
458,2013-4-17 12:04:38,99.79,25.89,13,ML,3.1,云南漾濞,天然地震
459,2013-4-17 09:45:55,99.75,25.90,10,Ms,5.1,云南洱源,天然地震
460,2013-4-13 09:40:07,99.03,24.83,5,ML,3.1,云南施甸,天然地震
461,2013-3-22 08:09:56,100.96,23.05,5,ML,3.5,云南宁洱,天然地震
462,2013-3-19 11:47:05,100.96,23.13,5,ML,3.8,云南宁洱,天然地震
463,2013-3-19 09:47:15,100.96,23.11,10,Ms,4.1,云南宁洱,天然地震
464,2013-3-03 13:41:15,99.72,25.93,9,Ms,5.5,云南洱源,天然地震
465,2013-2-22 05:43:41,100.80,26.73,14,Ms,4.2,云南永胜,天然地震
466,2013-2-20 13:01:57,101.60,23.25,15,Ms,4.8,云南墨江,天然地震
467,2013-2-19 10:47:00,103.10,27.10,10,Ms,4.9,云南巧家,天然地震
468,2013-2-07 22:57:19,104.13,28.05,10,Ms,4.2,云南盐津,天然地震
469,2012-12-30 06:51:23,99.97,25.12,10,ML,3.2,云南巍山,天然地震
470,2012-12-18 01:51:28,99.60,23.90,5,ML,3.2,云南耿马,天然地震
471,2012-12-09 23:23:19,103.98,27.49,7,ML,3.1,云南彝良,天然地震
472,2012-11-15 20:52:18,100.31,27.33,6,ML,3.1,云南玉龙,天然地震
473,2012-11-10 03:54:27,102.39,25.35,4,ML,3.3,云南富民,天然地震
474,2012-10-15 07:07:59,101.90,25.15,10,Ms,4.4,云南禄丰,天然地震
475,2012-9-18 17:37:48,103.98,27.50,10,ML,3.2,云南彝良,天然地震
476,2012-9-18 07:28:34,100.08,23.34,14,Ms,4.2,云南景谷,天然地震
477,2012-9-16 02:25:51,99.98,25.10,5,ML,3.2,云南昌宁,天然地震
478,2012-9-13 05:15:02,103.99,27.55,6,ML,3.1,云南彝良,天然地震
479,2012-9-11 11:21:20,99.18,24.66,14,Ms,4.9,云南施甸,天然地震
480,2012-9-11 11:20:16,99.18,24.67,8,Ms,4.5,云南施甸,天然地震
481,2012-9-08 19:47:27,104.00,27.56,6,ML,3.1,云南彝良,天然地震
482,2012-9-07 13:12:46,104.00,27.54,14,Ms,4.4,云南彝良,天然地震
483,2012-9-07 12:16:30,104.03,27.56,14,Ms,5.6,云南彝良,天然地震
484,2012-9-07 12:06:01,103.98,27.51,9,ML,3.2,云南彝良,天然地震
485,2012-9-07 11:58:00,104.01,27.58,9,Ms,4.4,云南彝良,天然地震
486,2012-9-07 11:19:41,103.97,27.51,14,Ms,5.7,云南彝良,天然地震
487,2012-8-22 19:04:18,100.10,27.62,6,ML,3.1,云南香格里拉,天然地震
488,2012-7-30 00:05:32,101.22,23.08,10,Ms,4.2,云南宁洱,天然地震
489,2012-7-27 07:59:53,99.99,25.61,6,ML,3.3,云南漾濞,天然地震
490,2012-6-26 14:21:15,100.68,27.80,6,ML,3.3,云南宁蒗,天然地震
491,2012-6-24 15:59:33,100.69,27.71,11,Ms,5.7,云南宁蒗,天然地震
492,2012-6-12 21:40:39,104.28,28.10,9,Ms,4.5,云南盐津,天然地震
493,2012-5-15 01:57:10,100.37,22.65,7,ML,3.3,云南澜沧,天然地震
494,2012-2-22 20:36:47,102.44,24.27,7,ML,3.1,云南红塔,天然地震
495,2011-12-28 13:48:36,100.56,22.06,6,ML,3.2,云南勐海,天然地震
496,2011-12-10 07:11:20,99.23,24.88,6,ML,3.1,云南施甸,天然地震
497,2011-12-06 04:37:46,103.19,27.37,5,Ms,4.0,云南巧家,天然地震
498,2011-11-02 19:33:05,100.80,22.14,8,ML,3.1,云南景洪,天然地震
499,2011-10-16 11:54:43,100.73,26.59,7,ML,3.5,云南永胜,天然地震
500,2011-10-16 11:53:30,100.74,26.59,7,ML,3.2,云南永胜,天然地震
501,2011-10-07 06:24:05,99.10,24.74,7,ML,3.0,云南施甸,天然地震
502,2011-9-24 05:38:32,98.17,24.35,6,ML,3.7,云南芒市,天然地震
503,2011-9-11 11:27:46,97.96,24.75,4,ML,3.2,云南盈江,天然地震
504,2011-9-06 14:18:51,97.96,24.74,10,ML,3.1,云南盈江,天然地震
505,2011-8-31 00:23:50,97.98,24.73,10,Ms,4.3,云南盈江,天然地震
506,2011-8-09 20:18:21,98.67,25.05,6,ML,3.1,云南腾冲,天然地震
507,2011-8-09 19:50:17,98.70,25.00,11,Ms,5.2,云南腾冲,天然地震
508,2011-6-25 19:30:10,98.67,25.06,7,ML,3.5,云南腾冲,天然地震
509,2011-6-22 09:42:07,99.98,25.61,6,ML,3.7,云南漾濞,天然地震
510,2011-6-20 18:16:49,98.69,25.05,10,Ms,5.3,云南腾冲,天然地震
511,2011-6-15 02:02:45,98.65,25.05,6,ML,3.1,云南腾冲,天然地震
512,2011-5-31 21:13:37,98.70,25.04,11,Ms,4.5,云南腾冲,天然地震
513,2011-5-28 18:07:36,97.87,24.74,7,ML,3.2,云南盈江,天然地震
514,2011-5-28 06:46:40,98.65,25.06,7,ML,3.2,云南腾冲,天然地震
515,2011-5-25 05:32:32,98.67,25.04,6,ML,3.0,云南腾冲,天然地震
516,2011-5-22 04:31:17,103.64,22.91,7,Ms,4.0,云南河口,天然地震
517,2011-4-25 09:46:40,101.92,25.41,7,ML,3.4,云南禄丰,天然地震
518,2011-4-01 06:54:27,97.85,24.72,6,ML,3.5,云南盈江,天然地震
519,2011-3-25 07:29:09,98.92,24.98,5,ML,3.4,云南隆阳,天然地震
520,2011-3-10 20:42:04,97.97,24.72,9,ML,3.0,云南盈江,天然地震
521,2011-3-10 20:41:37,97.98,24.74,7,Ms,4.3,云南盈江,天然地震
522,2011-3-10 20:40:01,97.91,24.76,6,ML,3.4,云南盈江,天然地震
523,2011-3-10 15:33:30,97.86,24.68,6,ML,3.0,云南盈江,天然地震
524,2011-3-10 13:04:50,97.84,24.69,5,ML,3.9,云南盈江,天然地震
525,2011-3-10 13:03:56,97.87,24.71,6,ML,3.9,云南盈江,天然地震
526,2011-3-10 12:58:12,97.95,24.65,10,Ms,5.9,云南盈江,天然地震
527,2011-2-13 12:51:39,97.88,24.74,6,ML,3.3,云南盈江,天然地震
528,2011-2-12 13:44:15,103.01,27.14,12,Ms,4.5,云南巧家,天然地震
529,2011-2-09 05:49:05,97.84,24.73,5,ML,3.2,云南盈江,天然地震
530,2011-2-08 02:47:09,97.91,24.77,7,ML,3.3,云南盈江,天然地震
531,2011-2-05 15:54:20,97.89,24.73,5,ML,3.4,云南盈江,天然地震
532,2011-2-01 15:11:20,97.90,24.70,10,Ms,4.9,云南盈江,天然地震
533,2011-1-23 23:46:19,101.60,23.08,6,ML,3.5,云南墨江,天然地震
534,2011-1-15 02:12:06,97.89,24.75,6,ML,3.0,云南盈江,天然地震
535,2011-1-14 22:50:36,97.94,24.73,5,Ms,4.2,云南盈江,天然地震
536,2011-1-02 07:44:33,97.91,24.71,10,Ms,4.0,云南盈江,天然地震
537,2011-1-02 07:33:38,97.91,24.71,32,Ms,4.8,云南盈江,天然地震
538,2011-1-01 20:58:12,97.86,24.73,6,ML,3.1,云南盈江,天然地震
539,2011-1-01 15:32:00,97.92,24.72,10,Ms,4.5,云南盈江,天然地震
540,2010-12-03 22:30:55,102.99,27.12,9,Ms,4.3,云南巧家,天然地震
541,2010-10-18 05:49:38,104.11,28.06,11,Ms,4.7,云南盐津,天然地震
542,2010-10-09 16:26:06,98.32,24.95,6,ML,3.1,云南梁河,天然地震
543,2010-9-30 05:51:19,102.03,23.73,7,ML,3.1,云南元江,天然地震
544,2010-9-22 19:19:29,102.98,27.13,8,Ms,4.2,云南巧家,天然地震
545,2010-8-29 08:53:26,103.02,27.13,10,Ms,4.9,云南巧家,天然地震
546,2010-8-28 04:14:48,99.24,24.89,6,ML,3.2,云南施甸,天然地震
547,2010-7-10 04:41:02,103.11,23.61,5,ML,3.2,云南建水,天然地震
548,2010-6-26 10:37:39,99.46,23.47,7,ML,3.2,云南耿马,天然地震
549,2010-6-22 19:34:36,100.37,25.26,6,ML,3.1,云南巍山,天然地震
550,2010-6-20 17:18:47,101.74,21.31,7,ML,3.3,云南勐腊,天然地震
551,2010-6-06 11:12:28,99.22,24.90,9,Ms,4.1,云南施甸,天然地震
552,2010-6-06 11:09:57,99.22,24.90,6,ML,3.4,云南施甸,天然地震
553,2010-6-06 11:08:52,99.20,24.90,11,Ms,4.1,云南施甸,天然地震
554,2010-6-06 11:04:00,99.23,24.92,11,Ms,4.1,云南隆阳,天然地震
555,2010-6-02 01:22:36,99.21,24.88,5,ML,3.3,云南施甸,天然地震
556,2010-6-02 00:00:53,99.24,24.90,5,ML,3.1,云南隆阳,天然地震
557,2010-6-01 23:58:07,99.21,24.85,5,Ms,4.8,云南施甸,天然地震
558,2010-5-28 22:53:35,100.75,22.57,7,ML,3.5,云南思茅,天然地震
559,2010-5-23 22:26:14,101.71,21.31,5,ML,3.1,云南勐腊,天然地震
560,2010-5-12 03:45:06,101.70,21.30,4,ML,3.4,云南勐腊,天然地震
561,2010-5-11 01:49:22,103.61,26.07,4,ML,3.2,云南沾益,天然地震
562,2010-4-29 12:51:14,101.93,25.13,6,ML,3.3,云南禄丰,天然地震
563,2010-4-25 10:31:18,103.81,27.91,7,ML,3.1,云南大关,天然地震
564,2010-4-03 22:51:48,99.94,27.72,9,ML,3.1,云南香格里拉,天然地震
565,2010-4-03 13:04:55,98.33,24.95,11,Ms,4.0,云南腾冲,天然地震
566,2010-4-03 04:26:31,100.23,22.39,10,Ms,4.1,云南澜沧,天然地震
567,2010-4-02 07:27:25,98.30,24.99,5,ML,3.1,云南腾冲,天然地震
568,2010-4-02 01:27:24,98.35,24.96,11,Ms,4.3,云南腾冲,天然地震
569,2010-4-01 00:52:35,98.31,24.98,6,ML,3.3,云南腾冲,天然地震
570,2010-2-25 12:56:51,101.94,25.42,20,Ms,5.2,云南元谋,天然地震
571,2010-2-21 16:23:17,102.29,25.75,7,ML,3.5,云南武定,天然地震
572,2010-2-17 05:28:04,100.55,24.77,5,ML,3.1,云南南涧,天然地震
573,2010-1-12 05:00:43,97.89,25.03,6,ML,3.3,云南盈江,天然地震
574,2010-1-01 10:08:20,99.80,26.20,10,Ms,4.6,云南洱源,天然地震